{
  "dungeon_thumb.webp": {
    "x": 0,
    "y": 0,
    "w": 200,
    "h": 150,
    "uv": [
      0.0,
      0.70703125,
      0.390625,
      0.29296875
    ]
  },
  "space_thumb.webp": {
    "x": 200,
    "y": 0,
    "w": 200,
    "h": 150,
    "uv": [
      0.390625,
      0.70703125,
      0.390625,
      0.29296875
    ]
  },
  "ui-icons.webp": {
    "x": 0,
    "y": 150,
    "w": 128,
    "h": 128,
    "uv": [
      0.0,
      0.45703125,
      0.25,
      0.25
    ]
  },
  "screen-content.webp": {
    "x": 128,
    "y": 150,
    "w": 128,
    "h": 128,
    "uv": [
      0.25,
      0.45703125,
      0.25,
      0.25
    ]
  },
  "skill-icons.webp": {
    "x": 256,
    "y": 150,
    "w": 128,
    "h": 128,
    "uv": [
      0.5,
      0.45703125,
      0.25,
      0.25
    ]
  },
  "avatar.webp": {
    "x": 384,
    "y": 150,
    "w": 64,
    "h": 64,
    "uv": [
      0.75,
      0.58203125,
      0.125,
      0.125
    ]
  },
  "submit-btn.webp": {
    "x": 448,
    "y": 150,
    "w": 64,
    "h": 32,
    "uv": [
      0.875,
      0.64453125,
      0.125,
      0.0625
    ]
  },
  "books.webp": {
    "x": 0,
    "y": 278,
    "w": 32,
    "h": 32,
    "uv": [
      0.0,
      0.39453125,
      0.0625,
      0.0625
    ]
  },
  "plant.webp": {
    "x": 32,
    "y": 278,
    "w": 32,
    "h": 32,
    "uv": [
      0.0625,
      0.39453125,
      0.0625,
      0.0625
    ]
  },
  "player-idle.webp": {
    "x": 64,
    "y": 278,
    "w": 32,
    "h": 32,
    "uv": [
      0.125,
      0.39453125,
      0.0625,
      0.0625
    ]
  },
  "player-walk.webp": {
    "x": 96,
    "y": 278,
    "w": 32,
    "h": 32,
    "uv": [
      0.1875,
      0.39453125,
      0.0625,
      0.0625
    ]
  },
  "ui-frame.webp": {
    "x": 128,
    "y": 278,
    "w": 24,
    "h": 24,
    "uv": [
      0.25,
      0.41015625,
      0.046875,
      0.046875
    ]
  },
  "cup.webp": {
    "x": 152,
    "y": 278,
    "w": 16,
    "h": 16,
    "uv": [
      0.296875,
      0.42578125,
      0.03125,
      0.03125
    ]
  }
}